First Name,Middle Name or Initial,Last Name,"Notes,links,ResearcherIDs,and/or institutions",URL,Date Retrieved,Surgeon,MD,ResearcherID,Gender
William,T,Abraham,"The Ohio State University - Columbus,USA",https://internalmedicine.osu.edu/cardiovascular/directory/clinicalfaculty/abraham/,10/10/14,0,1,,M
Stephan,,Achenbach,"University of Giessen,Germany",http://www.escardio.org/about/board-elections/Documents/2012/CV_ACHENBACH_Stephan.pdf,10/10/14,0,1,,M
Hans-Olov,,Adami,Karolinska Institutet,http://ki.se/en/people/hanada,10/10/14,0,1,,M
Bharat,B,Aggarwal,"The University of Texas M. D. Anderson Cancer Center,USA",http://faculty.mdanderson.org/bharat_aggarwal/,10/10/14,0,0,,M
Shizuo,,Akira,"Osaka University,Japan",https://en.wikipedia.org/wiki/Shizuo_Akira,10/10/14,0,1,C-3134-2009,M
Gregory,W,Albers,"Stanford University,USA",https://med.stanford.edu/profiles/gregory-albers,10/10/14,0,1,,M
K.,George,Alberti,Imperial College London,https://en.wikipedia.org/wiki/George_Alberti,10/10/14,0,1,,M
Hansjuerg,,Alder,"The Ohio State University - Columbus,USA",http://cancer.osu.edu/research/cancerresearch/sharedresources/na/expertise/pages/index.aspx#hansjuerg,10/10/14,0,0,,M
R.,,Alexander,Emory University,http://www.medicine.emory.edu/about_us/our_people/faculty-directory/alexander-r-wayne.html,10/10/14,0,1,,M
Douglas,G,Altman,"University of Oxford,UK;Cancer Research UK Medical Statistics Group",https://en.wikipedia.org/wiki/Doug_Altman,10/10/14,0,0,,M
Garnet,L,Anderson,"Fred Hutchinson Canc Res Ctr,USA",https://www.fredhutch.org/en/labs/profiles/anderson-garnet.html,10/10/14,0,0,,F
Jeffrey,L,Anderson,"Intermt Med Ctr,USA;University of Utah,USA",http://intermountainhealthcare.org/providers/profile.html?id=1621&brand=ih,10/10/14,0,1,,M
Kenneth,C,Anderson,"Harvard University,USA",http://researchers.dana-farber.org/directory/profile.asp?pict_id=0000268,10/10/14,0,1,,M
Dominick,J,Angiolillo,"University of Florida,USA",http://hscj.ufl.edu/directory/bio.aspx?id=1318,10/10/14,0,1,,M
Elliott,M,Antman,"Brigham &Womens Hosp,USA;Harvard University,USA",http://physiciandirectory.brighamandwomens.org/Details/767,10/10/14,0,1,,M
Piero,,Anversa,"Harvard University,USA",http://research.bwhanesthesia.org/faculty/piero-anversa,10/10/14,0,1,,M
Lawrence,J,Appel,"The Johns Hopkins University,USA",http://www.hopkinsmedicine.org/profiles/results/directory/profile/0001071/lawrence-appel?CLEARPAGECACHE=false&appRedirRef=https%3A%2F%2Fwww%2Egoogle%2Ecom%2F,10/10/14,0,1,,M
Frederick,,Appelbaum,Fred Hutchinson Cancer Research Center,http://sharedresources.fhcrc.org/profile/appelbaum-frederick,10/10/14,0,1,,M
James,,Armitage,UNMC,http://www.unmcphysicians.com/doctors/james-armitage,10/10/14,0,1,,M
Donald,,Armstrong,Memorial Sloan-Kettering Cancer Center,http://www.tsim.org.tw/article/A95/abstract/10-afternoon/Rm102/CV_Donald-Armstrong.pdf,10/10/14,0,1,,M
Alan,,Ashworth,"Inst Canc Res,UK",http://www.icr.ac.uk/our-research/researchers-and-teams/professor-alan-ashworth,10/10/14,0,0,,M
Alvaro,,Avezum,"Hosp Coracao,Brazil",http://www.cannectin.ca/workfiles/sg/alvaro_avezum.pdf,10/10/14,0,1,,M
Michele,,Baccarani,"University of Bologna,Italy",http://www.sannet.ch/elnfrontiers2014/chairs/baccarani.php,12/28/14,0,1,,M
Colin,,Baigent,"University of Oxford,UK",http://www.cardioscience.ox.ac.uk/bhf-centre-of-research-excellence/researcher-profiles/colin-baigent,12/28/14,0,0,,M
George,L,Bakris,"University of Chicago,USA",http://www.uchospitals.edu/physicians/george-bakris.html,12/28/14,0,1,,M
Henry,,Balfour,University of Minnesota,http://pathology.umn.edu/about/faculty/balfour/home.html,12/28/14,0,1,,M
Christie,M,Ballantyne,"Baylor College of Medicine,USA",https://www.bcm.edu/healthcare/find-a-physician/details/index.cfm?id=93,12/28/14,0,1,,M
Alberto,,Bardelli,"University of Turin,Italy;Inst Canc Res & Treatment IRCC,Italy; FIRC Inst Mol Oncol IFOM,Italy",http://www.ircc.it/irccit/?q=Molecular-Genetics,12/28/14,0,0,,M
David,,Barker,"King Saud University,http://www.researcherid.com/rid/A-5671-2013",http://ksu.edu.sa/AboutKSU/HighlycitedResearchers/Pages/Barker.aspx,12/28/14,0,1,A-5671-2013,M
Bart,,Barlogie,"University of Arkansas at Little Rock,USA;University of Arkansas for Medical Science",http://myeloma.uams.edu/our-staff-multiple-myeloma-uams-myeloma-institute-2/clinical-faculty/bart-barlogie-m-d-ph-d/,12/28/14,0,1,,M
Peter,,Barnes,Imperial College School of Medicine,http://www.imperial.ac.uk/people/p.j.barnes,12/28/14,0,1,,M
Elizabeth,,Barrett-Connor,"University of California,San Diego School of Medicine",http://ebc.ucsd.edu/,12/28/14,0,1,,F
Robyn,J,Barst,"Columbia University,USA",http://pvri.info/content/remembering-dr-robyn-barst#.VKAt6l4ACA,12/28/14,0,1,,F
Philip,J,Barter,"Heart Res Inst,Australia",http://sydney.edu.au/medicine/people/academics/profiles/philip.barter.php,12/28/14,0,0,,M
Jose,,Baselga,"Mem Sloan Kettering Canc Ctr,USA;Vall dHebron Inst Oncol,Spain",http://www.mskcc.org/cancer-care/doctor/jose-baselga,12/28/14,0,1,,M
Robert,,Bast,University of Texas M.D. Anderson Cancer Center,http://faculty.mdanderson.org/Robert_Bast/Default.asp,12/28/14,0,1,,M
Eric,R,Bates,"University of Michigan - Ann Arbor,USA",http://www.uofmhealth.org/profile/468/eric-r-bates-md,12/28/14,0,1,,M
Jeroen,J,Bax,"Leiden University,Netherlands",https://www.lumc.nl/over-het-lumc/hoo/1102040303463257,12/28/14,0,0,,M
Stephen,,Baylin,The Johns Hopkins University,http://www.hopkinsmedicine.org/kimmel_cancer_center/experts/Laboratory_Scientists/detail/7B8FC19B243921B308E2DD3CC4A852F2/Stephen_Baylin,12/28/14,0,1,,M
Richard,C,Becker,"University of Cincinnati,USA",http://intmed.uc.edu/contact/directory/profile.aspx?epersonID=beckerrc,12/28/14,0,1,,M
Rinaldo,,Bellomo,"Monash University,Australia;University of Melbourne,Australia",http://www.anzicrc.monash.org/rinaldo-bellomo.html,12/28/14,0,1,,M
Emelia,J,Benjamin,"Boston University,USA;NHLBI,USA",http://www.bumc.bu.edu/medicine/files/2009/07/EJBenjamin_Biosketch_2010July26.pdf,12/28/14,0,1,,F
Peter,B,Berger,"Weis Ctr Res,USA",https://en.wikipedia.org/wiki/Peter_B._Berger,12/28/14,0,1,,M
Roland,,Berger,INSERM U301,http://www.nature.com/leu/journal/v28/n2/full/leu2013340a.html,12/28/14,0,0,,M
Daniel,S,Berman,"Cedars Sinai Heart Inst,USA",http://www.cedars-sinai.edu/Bios---Physician/A-G/Daniel-S-Berman-MD.aspx,12/28/14,0,1,,M
Donald,A,Berry,"The University of Texas M. D. Anderson Cancer Center,USA",http://faculty.mdanderson.org/Donald_Berry/,12/28/14,0,0,,M
Deepak,L,Bhatt,"Brigham & Womens Hosp,USA;Harvard University,USA",http://physiciandirectory.brighamandwomens.org/Details/416,12/28/14,0,1,,M
Henry,R,Black,"New York University,USA",http://www.med.nyu.edu/biosketch/blackh01,12/28/14,0,1,,M
Joan,,Blade,"Hosp Clin Barcelona,Spain;University of Barcelona,Spain",http://myeloma.org/ArticlePage.action?articleId=262,12/28/14,0,1,,M
Steven,N,Blair,"University of South Carolina - Columbia,USA",http://americanfitnessindex.org/about-the-american-fitness-index/steven-n-blair-p-e-d-facsm-university-of-south-carolina/,12/28/14,0,0,,M
John,Martin,Bland,University of York,http://www-users.york.ac.uk/~mb55/,12/28/14,0,0,,M
Martin,,Blaser,New York University School of Medicine,http://www.med.nyu.edu/biosketch/blasem01,12/28/14,0,1,,M
William,,Blattner,University of Maryland School of Medicine,http://medschool.umaryland.edu/facultyresearchprofile/viewprofile.aspx?id=4562,12/28/14,0,1,,M
Stephen,,Bloom,Imperial College London,http://www.imperial.ac.uk/people/s.bloom,12/28/14,0,1,,M
Clara,D,Bloomfield,"The Ohio State University - Columbus,USA",http://cancer.osu.edu/research/cancerresearch/researchprograms/biologygenetics/members/pages/index.aspx?mid=14,12/28/14,0,1,,F
Mario,,Boccadoro,"University of Turin,Italy",http://www.clinicafornaca.it/#la_clinica/i-nostri-medici/medico-1000000024,12/28/14,0,0,,M
Gerald,,Bodey,University of Texas M.D. Anderson Cancer Center,http://www.mdanderson.org/newsroom/news-releases/2004/05-27-04-lectureship-named-in-honor-of-m-d-anderson-faculty-member.html,12/28/14,0,1,,M
Eric,,Boersma,"Erasmus MC,Netherlands",http://www.erasmusmc.nl/thoraxcentrum-cs/481427/Boersmainfo,12/28/14,0,0,,M
Eric,,Boerwinkle,"The University of Texas Health Science Center at Houston,USA;Baylor College of Medicine,USA",https://www.uth.edu/imm/profile.htm?id=1002755,12/28/14,0,0,,M
Robert,O,Bonow,"Northwestern University,USA;Northwestern University Feinberg School of Medicine",https://fsmweb.northwestern.edu/faculty/facultyprofile.cfm?xid=14435,12/28/14,0,1,,M
F,Xavier,Bosch,"Inst Catala Oncol IDIBELL,Spain",http://www.multiwebcast.com/eurogin/2008/nice/speakers/56508/prof.f.xavier.bosch.biography.html,12/28/14,0,1,,M
Eugene,,Braunwald,"Brigham & Womens Hosp,USA;Partners Health Care System,Inc.",http://physiciandirectory.brighamandwomens.org/Details/1645,12/28/14,0,1,,M
Murray,,Brennan,Memorial Sloan-Kettering Cancer Center,http://www.mskcc.org/about/office-president/leadership-profiles/murray-brennan,12/28/14,1,1,,M
Barry,,Brenner,Harvard Medical School,https://connects.catalyst.harvard.edu/Profiles/display/Person/9311,12/28/14,0,1,,M
Monique,M B,Breteler,"German Center for Neurodegenerative Diseases (DZNE),Germany;University of Bonn,Germany; Harvard University,USA",http://www.hsph.harvard.edu/monique-breteler/,12/28/14,0,1,,F
Michael,,Bristow,"University of Colorado Health Sciences Center,http://www.researcherid.com/rid/G-7850-2011",http://www.ucdenver.edu/academics/colleges/medicalschool/departments/medicine/Cardiology/FacultyStaff/Pages/Profiles/MichaelRBristow.aspx,12/28/14,0,1,G-7850-2011,M
Samuel,,Broder,Celera Genomics,https://en.wikipedia.org/wiki/Samuel_Broder,12/28/14,0,1,,M
Robert,,Brook,RAND Corporation,http://www.rand.org/about/people/b/brook_robert_h.html,12/28/14,0,1,,M
Jordi,,Bruix,"University of Barcelona,Spain;IDIBAPS,Spain; CIEREHD,Spain",http://www.idibaps.org/actualitat/en_noticies/14297/,12/28/14,0,0,,M
C.,,Buckner,"CancerConsultants.com,Inc.",http://news.cancerconnect.com/cancerconsultants-com-announces-scientific-editor-and-vp-of-operations-for-new-physician-portal/,12/28/14,0,1,,M
Andrzej,,Budaj,"Grochowski Hosp,Poland",http://circ.ahajournals.org/content/111/24/3242.abstract,12/28/14,0,1,,M
Matthew,J,Budoff,"Los Angeles Biomed Res Inst,USA",http://people.healthsciences.ucla.edu/research/institution/personnel?personnel_id=2068345,12/28/14,0,1,,M
Julie,E,Buring,"Harvard University,USA",http://www.hsph.harvard.edu/julie-buring/,12/28/14,0,0,,F
John,B,Buse,"University of North Carolina at Chapel Hill,USA",http://medicine.med.unc.edu/divisions/endocrinology-metabolism/clinical-faculty/john-buse-md-phd,12/28/14,0,1,,M
Aman,U,Buzdar,"The University of Texas M. D. Anderson Cancer Center,USA",http://faculty.mdanderson.org/aman_buzdar/,12/28/14,0,1,,M
Robert,M,Califf,"Duke Translat Med Inst,USA;Duke Clinical Research Institute",,,,,,
George,Adrian,Calin,"The University of Texas M. D. Anderson Cancer Center,USA",,,,,,
Hugh,,Calkins,"The Johns Hopkins University,USA",,,,,,
A.,,Camm,St. George's Hospital Medical School,,,,,,
Peter,J,Campbell,"Addenbrookes Hosp,UK;University of Cambridge,UK; Wellcome Trust Sanger Inst,UK",,,,,,
Stuart,,Campbell,University of London,,,,,,
Elias,,Campo,"University of Barcelona,Spain",,,,,,
Christopher,P,Cannon,"Brigham & Womens Hosp,USA",,,,,,
William,,Castelli,Framingham Cardiovascular Institute,,,,,,
Daniel,,Catovsky,Royal Marsden Hospital,,,,,,
Jane,A,Cauley,"University of Pittsburgh,USA",,,,,,
Anthony,,Cerami,Leiden University Medical Centre,,,,,,
Dennis,,Charney,Yale University,,,,,,
Glenn,M,Chertow,"Stanford University,USA;University of California,San Francisco,USA",,,,,,
James,,Chesebro,Mayo Clinic Medical School,,,,,,
Arul,M,Chinnaiyan,"University of Michigan - Ann Arbor,USA",,,,,,
Rowan,T,Chlebowski,"Harbor UCLA Med Ctr,USA",,,,,,
Claus,,Christiansen,Center for Clinical and Basic Research A/S,,,,,,
George,,Chrousos,"University of Athens,Greece,King Abdulaziz University and King Saud University,KSA",,,,,,
Steven,,Clark,Wyeth Research,,,,,,
Robert,J,Clarke,"University of Oxford,UK",,,,,,
John,G F,Cleland,"Imperial College London,UK;Royal Brompton and Harefield NHS Foundation Trust,UK",,,,,,
Hans,,Clevers,"Royal Netherlands Academy of Arts and Sciences,Netherlands;University Medical Center Utrecht,Netherlands",,,,,,
David,J,Cohen,"University of Missouri - Kansas City,USA",,,,,,
Jay,,Cohn,University of Minnesota Medical School,,,,,,
Graham,,Colditz,"Washington University School of Medicine,http://www.researcherid.com/rid/A-3963-2009",,,,,,
Desire,,Collen,Katholieke Universiteit Leuven,,,,,,
Rory,,Collins,"University of Oxford,UK",,,,,,
Jean-frederic,,Colombel,"Icahn School of Medicine at Mount Sinai,USA;Lille 2 University of Health and Law,France",,,,,,
Antonio,,Colombo,"Ist Sci San Raffaele,Italy",,,,,,
Stuart,J,Connolly,"McMaster University,Canada",,,,,,
Joseph,M,Connors,"British Columbia Canc Agcy,Canada",,,,,,
Nancy,R,Cook,"Harvard University,USA",,,,,,
Cyrus,,Cooper,"University of Southampton,UK",,,,,,
Carlos,,Cordon-Cardo,"College of Physicians & Surgeons,Columbia University",,,,,,
Josef,,Coresh,"The Johns Hopkins University,USA",,,,,,
Lawrence,,Corey,University of Washington,,,,,,
Christopher,L,Corless,"Oregon Health and Science University,USA;Portland VA Med Ctr,USA",,,,,,
Jorge,E,Cortes,"The University of Texas M. D. Anderson Cancer Center,USA",,,,,,
Mark,A,Creager,"Brigham & Womens Hosp,USA",,,,,,
Carlo,Maria,Croce,"The Ohio State University - Columbus,USA;Thomas Jefferson University",,,,,,
John,J,Crowley,"Canc Res & Biostat,USA",,,,,,
Ronald,,Crystal,"Cornell University,http://www.researcherid.com/rid/F-3140-2010",,,,,,
Steven,R,Cummings,"University of California,San Francisco,USA",,,,,,
Donald,E,Cutlip,"Beth Israel Deaconess Med Ctr,USA;Harvard University,USA",,,,,,
Jack,,Cuzick,"Queen Mary,U. of London,UK",,,,,,
Ralph,B,D'agostino,"Boston University,USA",,,,,,
Bjorn,,Dahlof,"University of Gothenburg,Sweden",,,,,,
George,Q,Daley,"Childrens Hosp,USA;Harvard University,USA",,,,,,
John,,Danesh,"University of Cambridge,UK",,,,,,
Stephen,R,Daniels,"Hlth Sci Ctr,USA;University of Colorado at Denver,USA",,,,,,
Nancy,E,Davidson,"University of Pittsburgh,USA",,,,,,
Bess,,Dawson-hughes,"Tufts University,USA",,,,,,
Guy,,De Backer,"Ghent University,Belgium",,,,,,
Johann,Sebastian,De Bono,"Inst Canc Res,UK;Royal Marsden Hosp,UK",,,,,,
H.,,Deeg,Fred Hutchinson Cancer Research Center,,,,,,
Ralph,,DeFronzo,University of Texas Health Science Center,,,,,,
Michael,W N,Deininger,"University of Utah,USA",,,,,,
George,D,Demetri,"Dana Farber Canc Inst,USA;Harvard University,USA",,,,,,
Anthony,,Demetris,University of Pittsburgh Medical Center,,,,,,
Prasad,,Devarajan,"University of Cincinnati,USA",,,,,,
Richard,,Devereux,Cornell Medical Center,,,,,,
Kenneth,,Dickstein,"University of Bergen,Norway",,,,,,
Hans-christoph,,Diener,"University of Duisburg-Essen,Germany",,,,,,
Stefanie,,Dimmeler,"University of Frankfurt,Germany",,,,,,
Meletios,A,Dimopoulos,"National and Kapodistrian University of Athens,Greece",,,,,,
Charles,,Dinarello,University of Colorado Denver / Radboud University Nijmegen Medical Centre,,,,,,
John,F,Dipersio,"Washington University in St. Louis,USA",,,,,,
Hartmut,,Doehner,"University of Ulm,Germany",,,,,,
Daniel,C,Douek,"NIAID,USA",,,,,,
Maxime,,Dougados,"University of Paris Descartes (Paris 5),France",,,,,,
James,R,Downing,"St Jude Childrens Hosp,USA",,,,,,
Mitch,,Dowsett,"Royal Marsden Hosp,UK",,,,,,
Helmut,,Drexler,"Hannover Medical School,Germany",,,,,,
Brian,J,Druker,"Oregon Health and Science University,USA",,,,,,
Victor,,Dzau,Harvard Medical School,,,,,,
Shah,B,Ebrahim,"London School of Hygiene and Tropical Medicine,UK",,,,,,
Matthias,,Egger,"University of Bern,Switzerland;University of Cape Town,South Africa",,,,,,
John,W,Eikelboom,"McMaster University,Canada",,,,,,
Stephen,,Ellis,Cleveland Clinic Foundation,,,,,,
Hashem,B,El-serag,"Baylor College of Medicine,USA;Michael E DeBakey VA Med Ctr,USA",,,,,,
Paul,,Emery,"Leeds Teaching Hosp Trust,UK;University of Leeds,UK",,,,,,
Jeffrey,A,Engelman,"Harvard University,USA;Massachusetts Gen Hosp,USA",,,,,,
Jonathan,,Epstein,"Johns Hopkins University,Cardiovascular Research Institute",,,,,,
Michael,D,Ezekowitz,"Lankenau Inst Med Res,USA",,,,,,
Thierry,,Facon,"Hop Claude Huriez,France",,,,,,
Robert,H,Fagard,"KU Leuven,Belgium",,,,,,
Brunangelo,,Falini,Universita degli Studi di Perugia,,,,,,
Herbert,,Fanger,No Affiliation,,,,,,
Anthony,,Fauci,"National Institute of Allergy and Infectious Diseases,NIH",,,,,,
David,P,Faxon,"Brigham & Womens Hosp,USA",,,,,,
Louis,,Fehrenbacher,"Kaiser Permanente Oncol Clin Trials,USA;Natl Surg Adjuvant Breast & Bowel Project NSABP,USA",,,,,,
Napoleone,,Ferrara,"University of California,San Diego,USA",,,,,,
Luigi,,Ferrucci,"NIA,USA",,,,,,
Isaiah,,Fidler,University of Texas M.D. Anderson Cancer Center,,,,,,
Margaret,,Fischl,University of Miami,,,,,,
Bernard,,Fisher,University of Pittsburgh,,,,,,
Lloyd,,Fisher,University of Washington,,,,,,
Keith,T,Flaherty,"Massachusetts Gen Hosp,USA",,,,,,
Katherine,M,Flegal,"Ctr Dis Control & Prevent,USA",,,,,,
M.,,Folkman,Harvard Medical School,,,,,,
Aaron,R,Folsom,"University of Minnesota,Twin Cities,USA",,,,,,
Gregg,C,Fonarow,"University of California,Los Angeles,USA",,,,,,
John,F,Forbes,"University of Newcastle,Australia",,,,,,
Earl,S,Ford,"Ctr Dis Control & Prevent,USA",,,,,,
Ian,,Ford,"The University of Glasgow,UK",,,,,,
Caroline,S,Fox,"Harvard University,USA;NHLBI,USA",,,,,,
Keith,A A,Fox,"The University of Edinburgh,UK",,,,,,
Richard,,Frackowiak,University College London,,,,,,
Silvia,,Franceschi,IARC,,,,,,
Joseph,,Fraumeni,"Jr.;National Cancer Institute,NIH",,,,,,
James,,Fries,Stanford University,,,,,,
Charles,S,Fuchs,"Brigham & Womens Hosp,USA;Dana Farber Canc Inst,USA",,,,,,
Tohru,,Funahashi,"Osaka University,Japan",,,,,,
John,,Fung,Cleveland Clinic,,,,,,
Curt,D,Furberg,"Wake Forest University,USA",,,,,,
Valentin,,Fuster,"CNIC,Spain;Icahn School of Medicine at Mount Sinai,USA;Mount Sinai Medical Center",,,,,,
P,Andrew,Futreal,"The University of Texas M. D. Anderson Cancer Center,USA",,,,,,
Stacey,B,Gabriel,"Broad Inst,USA",,,,,,
Robert,,Gale,Salick Health Care Inc.,,,,,,
Nazzareno,,Galie,"University of Bologna,Italy",,,,,,
Robert,,Gallo,University of Maryland,,,,,,
Arnold,,Ganser,"Hannover Medical School,Germany;http://www.researcherid.com/rid/H-2692-2014,H-2692-2014",,,,,,
Levi,A,Garraway,"Broad Inst Harvard & MIT,USA;Dana Farber Canc Inst,USA; Harvard University,USA",,,,,,
Randy,D,Gascoyne,"British Columbia Canc Agcy,Canada;University of British Columbia,Canada",,,,,,
Kevin,,Gatter,University of Oxford,,,,,,
Adi,F,Gazdar,"The University of Texas Southwestern Medical Center at Dallas,USA",,,,,,
J,Michael,Gaziano,"Boston Vet Affairs Healthcare Syst,USA;Brigham & Womens Hosp,USA",,,,,,
Harry,,Genant,"University of California,San Francisco",,,,,,
Michael,,Gent,McMaster University,,,,,,
William,L,Gerald,"Mem Sloan Kettering Canc Ctr,USA",,,,,,
Bernard,J,Gersh,"Mayo Medical School,USA",,,,,,
Gad,,Getz,"Broad Inst MIT & Harvard,USA",,,,,,
C,Michael,Gibson,"Brigham & Womens Hosp,USA",,,,,,
Inderbir,S,Gill,"University of Southern California,USA",,,,,,
D,Gary,Gilliland,"Merck Res Labs,USA",,,,,,
Edward,L,Giovannucci,"Brigham & Womens Hosp,USA;Harvard University,USA",,,,,,
Gerald,,Gleich,University of Utah,,,,,,
Alan,S,Go,"Kaiser Permanente No Calif,USA;University of California,San Francisco,USA",,,,,,
John,M,Goldman,"Imperial Coll Healthcare NHS Trust,UK;Imperial College School of Medicine",,,,,,
Lee,,Goldman,"University of California,San Francisco",,,,,,
Steven,,Goldman,University of Arizona College of Medicine,,,,,,
Todd,R,Golub,"Dana Farber Canc Inst,USA;Eli & Edythe L Broad Inst,USA; Harvard University,USA; Howard Hughes Med Inst,USA",,,,,,
Zachary,D,Goodman,"Betty & Guy Beatty Ctr Integrat Res,USA;Inova Fairfax Hosp,USA",,,,,,
David,,Graham,Houston Veterans Affairs Medical Center,,,,,,
Christopher,B,Granger,"Duke University,USA",,,,,,
David,,Greenblatt,Tufts University School of Medicine,,,,,,
Tom,,Greene,"University of Utah,USA",,,,,,
Philip,,Greenland,"Northwestern University,USA",,,,,,
James,,Griffin,Dana-Farber Cancer Institute,,,,,,
Bartley,,Griffith,University of Pittsburgh Medical Center,,,,,,
Diederick,E,Grobbee,"Univ Med Ctr Utrecht,Netherlands;http://www.researcherid.com/rid/C-7651-2014,C-7651-2014",,,,,,
Jerome,,Groopman,Harvard Medical School,,,,,,
Scott,M,Grundy,"The University of Texas Southwestern Medical Center at Dallas,USA",,,,,,
Giulio,,Guagliumi,"Osped Riuniti Bergamo,Italy",,,,,,
Francois,,Guilhot,"University of Poitiers,France",,,,,,
Jordan,,Gutterman,University of Texas M.D. Anderson Cancer Center,,,,,,
Gordon,H,Guyatt,"McMaster University,Canada",,,,,,
Daniel,A,Haber,"Harvard University,USA;Howard Hughes Med Inst,USA",,,,,,
Werner,,Hacke,"University of Heidelberg,Germany",,,,,,
Steven,M,Haffner,"The University of Texas Health Science Center at San Antonio,USA",,,,,,
Michel,H R,Haissaguerre,"University of Bordeaux,France",,,,,,
Jonathan,L,Halperin,"Icahn School of Medicine at Mount Sinai,USA",,,,,,
Stanley,,Hamilton,University of Texas M.D. Anderson Cancer Center,,,,,,
Christian,W,Hamm,"Kerckhoff Heart Ctr,Germany",,,,,,
Stephen,B,Hanauer,"Northwestern University,USA",,,,,,
John,,Hansen,Fred Hutchinson Cancer Research Center,,,,,,
John,,Harlan,University of Washington,,,,,,
Jean-luc,,Harousseau,"Hop Hotel Dieu,France",,,,,,
Robert,A,Harrington,"Stanford University,USA",,,,,,
Adrian,L,Harris,"University of Oxford,UK;John Radcliffe Hospital",,,,,,
Curtis,,Harris,"National Cancer Institute,NIH",,,,,,
Tamara,B,Harris,"NIA,USA",,,,,,
Daniel,F,Hayes,"University of Michigan - Ann Arbor,USA",,,,,,
Jiang,,He,"Tulane University,USA",,,,,,
Michael,C,Heinrich,"Oregon Health and Science University,USA;Portland VA Med Ctr,USA",,,,,,
Gerardo,,Heiss,"University of North Carolina at Chapel Hill,USA",,,,,,
Brian,,Henderson,University of Southern California,,,,,,
Susan,L,Hendrix,"Detroit Medical Ctr,USA",,,,,,
Charles,,Hennekens,No Affiliation,,,,,,
Roy,S,Herbst,"Yale Canc Ctr,USA",,,,,,
Jo,,Hermans,University of Leiden,,,,,,
Daniel,J,Hicklin,"CoStim,USA",,,,,,
Teru,,Hideshima,"Dana Farber Canc Inst,USA",,,,,,
Charles,,Higgins,"University of California,San Francisco",,,,,,
Loren,F,Hiratzka,"Good Samaritan Hosp,USA;Cardiac Vasc & Thorac Surg Inc,USA; Bethesda N Hosp,USA",,,,,,
Setsuo,,Hirohashi,National Cancer Center,,,,,,
Martin,,Hirsch,Massachusetts General Hospital,,,,,,
Jack,,Hirsh,GLYCODesign Inc.,,,,,,
David,,Ho,Rockefeller University,,,,,,
Andreas,,Hochhaus,"Univ Klinikum Jena,Germany",,,,,,
Albert,,Hofman,"Erasmus MC,Netherlands;Erasmus University Medical Center Rotterdam",,,,,,
Stefan,H,Hohnloser,"University of Frankfurt,Germany",,,,,,
Stephen,,Holgate,University of Southampton School of Medicine,,,,,,
Michael,F,Holick,"Boston University,USA",,,,,,
Rury,R,Holman,"University of Oxford,UK",,,,,,
David,R,Holmes,"Mayo Medical School,USA;Mayo Clinic",,,,,,
King,,Holmes,University of Washington,,,,,,
Waun,,Hong,University of Texas M.D. Anderson Cancer Center,,,,,,
Jay,,Hoofnagle,"National Institute of Diabetes & Digestive & Kidney Diseases,NIH",,,,,,
Gabriel,N,Hortobagyi,"The University of Texas M. D. Anderson Cancer Center,USA",,,,,,
Michael,,Houghton,Chiron Corporation,,,,,,
Barbara,V,Howard,"Medstar Res Inst,USA;Georgetown Howard Univ Ctr Clin & Translat Sci,USA",,,,,,
Ralph,H,Hruban,"The Johns Hopkins University,USA",,,,,,
Su-Ming,,Hsu,"China Medical University,Taiwan",,,,,,
Frank,B,Hu,"Harvard University,USA;King Abdulaziz University,Saudi Arabia",,,,,,
Clifford,A,Hudis,"Mem Sloan Kettering Canc Ctr,USA",,,,,,
Graham,,Hughes,St. Thomas' Hospital,,,,,,
Timothy,P,Hughes,"The University of Adelaide,Australia;South Australian Health and Medical Research Institute(SAHMRI),Australia",,,,,,
Marc,,Humbert,"University of Paris Sud (Paris 11),France;Inserm,France; Assistance Publique - Hôpitaux de Paris,France",,,,,,
Gene,,Hunder,Mayo Clinic and Foundation,,,,,,
Sharon,Ann,Hunt,"Stanford University,USA",,,,,,
Duane,,Ilstrup,Private Biostatistical Consultant,,,,,,
James,N,Ingle,"Mayo Medical School,USA",,,,,,
John,P A,Ioannidis,"Stanford University,USA",,,,,,
Peter,,Isaacson,University College London,,,,,,
Jeffrey,,Isner,No Affiliation,,,,,,
Shunzaburo,,Iwatsuki,University of Pittsburgh Medical Center,,,,,,
Alice,K,Jacobs,"Boston Med Ctr,USA",,,,,,
Rudolf,,Jaenisch,"Massachusetts Institute of Technology (MIT),USA;Whitehead Inst Biomed Res,USA",,,,,,
Pasi,A,Jaenne,"Dana Farber Canc Inst,USA;Harvard University,USA",,,,,,
Elaine,,Jaffe,"National Cancer Institute,NIH",,,,,,
Rakesh,K,Jain,"Massachusetts Gen Hosp,USA",,,,,,
Stefan,K,James,"Uppsala University,Sweden",,,,,,
Ahmedin,,Jemal,"Amer Canc Soc,USA",,,,,,
Bruce,E,Johnson,"Dana Farber Canc Inst,USA",,,,,,
David,H,Johnson,"The University of Texas Southwestern Medical Center at Dallas,USA",,,,,,
Karen,C,Johnson,"University of Tennessee Health Science Center,USA",,,,,,
Richard,,Johnson,University of Florida,,,,,,
Barry,,Kahan,University of Texas at Houston,,,,,,
Jan,,Kajstura,"Harvard University,USA",,,,,,
John,A,Kanis,"The University of Sheffield,UK",,,,,,
William,,Kannel,Boston University,,,,,,
Hagop,M,Kantarjian,"The University of Texas M. D. Anderson Cancer Center,USA",,,,,,
Jihad,H,Kaouk,"Cleveland Clin,USA",,,,,,
John,J P,Kastelein,"University of Amsterdam,Netherlands",,,,,,
Adnan,,Kastrati,"Deutsch Herzzentrum Munich,Germany",,,,,,
Hugo,A,Katus,"University of Heidelberg,Germany",,,,,,
Robert,,Katzman,"University of California,San Diego",,,,,,
Anthony,,Kay,Imperial College London,,,,,,
Michael,,Keating,University of Texas M.D. Anderson Cancer Center,,,,,,
Kenneth,,Kendler,Virginia Commonwealth University,,,,,,
Ronald,,Kessler,Harvard Medical School,,,,,,
Kay-tee,,Khaw,"University of Cambridge,UK",,,,,,
Shinji,,Kihara,"Osaka University,Japan",,,,,,
Spencer,,King,Cardiology of Georgia,,,,,,
Kenneth,W,Kinzler,"Johns Hopkins Kimmel Canc Ctr,USA;Johns Hopkins Oncology Center",,,,,,
Tadamitsu,,Kishimoto,"Osaka University,http://www.researcherid.com/rid/C-8470-2009",,,,,,
Sverre,E,Kjeldsen,"University of Oslo,Norway",,,,,,
Ronald,,Klein,University of Wisconsin - Madison,,,,,,
Robert,,Kloner,"University of Southern California,http://www.researcherid.com/rid/B-2971-2012",,,,,,
William,,Knaus,University of Virginia School of Medicine,,,,,,
William,,Knowler,"National Institute of Diabetes & Digestive & Kidney Diseases,NIH",,,,,,
Daniel,,Knowles,Cornell University,,,,,,
Lars,,Kober,"Rigshosp,Denmark",,,,,,
H.,,Koeffler,Cedars-Sinai Medical Center,,,,,,
Frank,D,Kolodgie,"CVPath Inst,USA",,,,,,
Michel,,Komajda,"Hop La Pitie Salpetriere,France;Pierre and Marie Curie University - Paris 6,France",,,,,,
Michel,,Komajda,"Hop La Pitie Salpetriere,France;Pierre and Marie Curie University - Paris 6,France",,,,,,
Mark,G,Kris,"Mem Sloan Kettering Canc Ctr,USA",,,,,,
Guido,,Kroemer,"University of Paris Descartes (Paris 5),France;Gustave Roussy Comprehensive Cancer Center,France; INSERM,France",,,,,,
Harlan,M,Krumholz,"Yale University,USA;Yale-New Haven Hospital,USA",,,,,,
Lewis,H,Kuller,"University of Pittsburgh,USA",,,,,,
Steven,,Kunkel,University of Michigan Medical School,,,,,,
Robert,A,Kyle,"Mayo Medical School,USA",,,,,,
Carlo,,La Vecchia,Universita degli Studi di Milano,,,,,,
Andrea,Z,Lacroix,"Fred Hutchinson Canc Res Ctr,USA",,,,,,
Andrea,Z,Lacroix,"University of California,San Diego,USA",,,,,,
Eric,S,Lander,"Broad Inst Harvard & MIT,USA;Massachusetts Institute of Technology (MIT),USA; Harvard University,USA",,,,,,
Robert,B M,Landewe,"University of Amsterdam,Netherlands;Atrium Med Ctr,Netherlands",,,,,,
H.,,Lane,"National Institute of Allergy and Infectious Diseases,NIH",,,,,,
Alexandra,J,Lansky,"Yale University,USA",,,,,,
John,,Laragh,Cornell University,,,,,,
Martin,G,Larson,"Boston University,USA;Framingham Heart Dis Epidemiol Study,USA",,,,,,
Richard,A,Larson,"University of Chicago,USA",,,,,,
Kerry,,Lee,Duke University Medical Center,,,,,,
Tak,,Lee,King's College London,,,,,,
Martin,B,Leon,"Columbia University,USA;Cardiovascular Research Foundation",,,,,,
Annarosa,,Leri,"Harvard University,USA",,,,,,
Andrew,S,Levey,"Tufts Med Ctr,USA",,,,,,
Daniel,,Levy,"Framingham Heart Dis Epidemiol Study,USA;NHLBI,USA;National Heart,Lung,and Blood Institute,NIH",,,,,,
Ronald,,Levy,Stanford University School of Medicine,,,,,,
Peter,,Libby,"Brigham & Womens Hosp,USA",,,,,,
Lawrence,,Lichtenstein,Johns Hopkins Asthma & Allergy Center,,,,,,
Charles,,Lieber,Bronx VA Medical Center,,,,,,
Lance,,Liotta,"National Cancer Institute,NIH",,,,,,
Gregory,Y H,Lip,"University of Birmingham,UK;Aalborg University,Denmark",,,,,,
Chang-gong,,Liu,"The University of Texas M. D. Anderson Cancer Center,USA",,,,,,
Josep,M,Llovet,"University of Barcelona (75%),Spain;Icahn School of Medicine at Mount Sinai (25%),USA",,,,,,
Donald,M,Lloyd-jones,"Northwestern University,USA",,,,,,
Anna,S F,Lok,"University of Michigan - Ann Arbor,USA",,,,,,
Dan,,Longo,New England Journal of Medicine,,,,,,
Michael,,Lotze,University of Pittsburgh School of Medicine,,,,,,
Thomas,,Luscher,"University Hospital,UNI Zurich",,,,,,
Henry,,Lynch,Creighton University,,,,,,
Thomas,J,Lynch,"Yale Canc Ctr,USA;Yale University,USA",,,,,,
Aldo,Pietro,Maggioni,"Assoc Nazl Med Cardiol Osped ANMCO Res Ctr,Italy",,,,,,
Giuseppe,,Mancia,"University of Milan - Bicocca,Italy",,,,,,
Michael,P,Manns,"Hannover Medical School,Germany",,,,,,
Pier,,Mannucci,Universita degli Studi di Milano,,,,,,
Joann,E,Manson,"Harvard University,USA;Brigham and Women's Hospital",,,,,,
Patrick,,Marcellin,"Beaujon Hosp,France;University of Paris Diderot (Paris 7),France",,,,,,
Guido,,Marcucci,"The Ohio State University - Columbus,USA",,,,,,
Elaine,R,Mardis,"Washington University in St. Louis,USA",,,,,,
Barry,,Maron,Minneapolis Heart Institute Foundation,,,,,,
C.,,Marsden,No Affiliation,,,,,,
Peter,,Martin,Iowa State University,,,,,,
Attilio,,Maseri,FONDAZIONE PER IL TUO CUORE - HCF ONLUS,,,,,,
David,,Mason,University of Oxford,,,,,,
Joseph,M,Massaro,"Boston University,USA",,,,,,
Henry,,Masur,National Institutes of Health,,,,,,
Colin,Douglas,Mathers,"WHO,Switzerland",,,,,,
Yuji,,Matsuzawa,"Sumitomo Hosp,Japan",,,,,,
William,,McDonald,Royal College of Physicians of London,,,,,,
John,G,Mchutchison,"Gilead Sci,USA",,,,,,
John,J V,Mcmurray,"The University of Glasgow,UK",,,,,,
Julinda,,Mehilli,"Deutsch Herzzentrum Munich,Germany",,,,,,
Roxana,,Mehran,"Mt Sinai Med Ctr,USA",,,,,,
James,B,Meigs,"Harvard University,USA;Massachusetts Gen Hosp,USA",,,,,,
Chris,,Meijer,Vrije University Amsterdam,,,,,,
Lee,Joseph,Melton,"Mayo Medical School,USA;Mayo Clinic",,,,,,
Thomas,,Merigan,Stanford University School of Medicine,,,,,,
Joel,,Meyers,No Affiliation,,,,,,
Matthew,L,Meyerson,"Brigham & Womens Hosp,USA;Broad Inst MIT & Harvard,USA; Dana Farber Canc Inst,USA",,,,,,
Vincent,A,Miller,"Foundation Medicine,USA",,,,,,
Gordon,B,Mills,"The University of Texas M. D. Anderson Cancer Center,USA",,,,,,
John,,Minna,University of Texas Southwestern Medical Center at Dallas,,,,,,
Constantine,S,Mitsiades,"Harvard University,USA",,,,,,
David,,Moher,"Ottawa Hosp,Canada;University of Ottawa,Canada",,,,,,
Salvador,,Moncada,University College London,,,,,,
Gilles,,Montalescot,"CHU Pitie Salpetriere,France",,,,,,
Victor,M,Montori,"Knowledge & Evaluat Res Unit,USA;Mayo Medical School,USA",,,,,,
Peter,,Morris,Oxford University / Royal College of Surgeons of England,,,,,,
Dariush,,Mozaffarian,"Brigham & Womens Hosp,USA;Harvard University,USA",,,,,,
Sabina,A,Murphy,"Brigham & Womens Hosp,USA",,,,,,
Lee,,Nadler,Harvard Medical School,,,,,,
John,,Najarian,Fairview University Medical Center,,,,,,
Carl,,Nathan,Cornell University,,,,,,
David,M,Nathan,"Massachusetts Gen Hosp,USA",,,,,,
Anne,B,Newman,"University of Pittsburgh,USA",,,,,,
Graham,,Nichol,"University of Washington,USA",,,,,,
Markku,S,Nieminen,"University of Helsinki,Finland",,,,,,
Steven,E,Nissen,"Cleveland Clin,USA",,,,,,
Larry,,Norton,"Mem Sloan Kettering Canc Ctr,USA",,,,,,
W.,,O'Fallon,Mayo Clinic Rochester,,,,,,
Shuji,,Ogino,"Brigham & Womens Hosp,USA;Dana Farber Canc Inst,USA; Harvard University,USA",,,,,,
Erik,Magnus,Ohman,"Duke University,USA",,,,,,
Eric,N,Olson,"UT Southwestern Medical Center,USA;King Abdulaziz University,Saudi Arabia",,,,,,
C,Kent,Osborne,"Baylor College of Medicine,USA",,,,,,
Milton,,Packer,Columbia University,,,,,,
Richard,L,Page,"University of Wisconsin - Madison,USA",,,,,,
Richard,,Palmer,University of Warwick and Warwick Effect Polymers,,,,,,
Antonio,,Palumbo,"University of Turin,Italy",,,,,,
William,,Pao,"Vanderbilt University,USA",,,,,,
Ira,,Pastan,"National Cancer Institute,NIH",,,,,,
Joseph,S M,Peiris,"HKU Pasteur Res Ctr,China;The University of Hong Kong,Hong Kong,China",,,,,,
Michael,J,Pencina,"Duke University,USA",,,,,,
Edith,A,Perez,"Mayo Medical School,USA",,,,,,
Charles,M,Perou,"University of North Carolina at Chapel Hill,USA;http://www.researcherid.com/rid/H-9934-2014,H-9934-2014",,,,,,
Eric,D,Peterson,"Duke Clin Res Inst,USA",,,,,,
Richard,,Peto,"University of Oxford,UK",,,,,,
Marc,A,Pfeffer,"Brigham & Womens Hosp,USA",,,,,,
Michael,,Phelps,"University of California,Los Angeles,School of Medicine",,,,,,
Bertram,,Pitt,University of Michigan,,,,,,
Stuart,J,Pocock,"London School of Hygiene and Tropical Medicine,UK",,,,,,
Janice,,Pogue,"Hamilton Hlth Sci,Canada;McMaster University,Canada",,,,,,
Julia,,Polak,Imperial College School of Medicine,,,,,,
Philip,Alexander,Poole-wilson,"Imperial College London,UK",,,,,,
Jeffrey,J,Popma,"Beth Israel Deaconess Med Ctr,USA",,,,,,
Neil,R,Poulter,"Imperial College London,UK",,,,,,
Donald,,Price,Johns Hopkins University School of Medicine,,,,,,
Martin,H,Prins,"University of Maastricht,Netherlands",,,,,,
Silvia,Giuliana,Priori,"IRCCS Salvatore Maugeri Fdn,Italy;New York University,USA; University of Pavia,Italy",,,,,,
Kathleen,I,Pritchard,"Sunnybrook Odette Canc Ctr,Canada;University of Toronto,Canada;http://www.researcherid.com/rid/I-2184-2014,I-2184-2014",,,,,,
Bruce,M,Psaty,"University of Washington,USA",,,,,,
Ching-Hon,,Pui,St. Jude Children's Research Hospital,,,,,,
Lajos,,Pusztai,"Yale University,USA",,,,,,
Kalevi,,Pyoraolao,University of Kuopio,,,,,,
Thomas,,Quinn,Johns Hopkins University,,,,,,
Daniel,J,Rader,"University of Pennsylvania,USA",,,,,,
L.,,Raine,No Affiliation,,,,,,
S,Vincent,Rajkumar,"Mayo Medical School,USA",,,,,,
S,Vincent,Rajkumar,"Mayo Medical School,USA",,,,,,
Gerald,,Reaven,Falk Cardiovascular Research Center,,,,,,
John,,Reed,Burnham Institute,,,,,,
Jorge,S,Reis-filho,"Inst Canc Res,UK",,,,,,
Giuseppe,,Remuzzi,"IRCCS Mario Negri Institute for Pharmacological Research,Italy;Azienda Ospedaliera Papa Giovanni XXIII,Bergamo,Italy",,,,,,
Nicholas,P,Restifo,"NCI,USA",,,,,,
Paul,G,Richardson,"Dana Farber Canc Inst,USA",,,,,,
Douglas,,Richman,"University of California,San Diego",,,,,,
Paul,M,Ridker,"Brigham & Womens Hosp,USA",,,,,,
Nader,,Rifai,"Boston Children's Hospital & Harvard Medical School,USA;King Abdulaziz University,Saudi Arabia;http://www.researcherid.com/rid/B-4376-2013,B-4376-2013",,,,,,
B.,,Riggs,Mayo Clinic Rochester,,,,,,
Eric,B,Rimm,"Brigham & Womens Hosp,USA;Harvard University,USA;Harvard School of Public Health",,,,,,
Brian,I,Rini,"Cleveland Clin Fdn,USA",,,,,,
Jerome,,Ritz,Harvard Medical School,,,,,,
Robert,,Roberts,Baylor College of Medicine,,,,,,
Juan,,Rodes,University of Barcelona,,,,,,
Veronique,L,Roger,"Mayo Medical School,USA",,,,,,
Steven,A,Rosenberg,"NCI,USA",,,,,,
Frits,,Rosendaal,Leids Universitair Medisch Centrum,,,,,,
Andreas,,Rosenwald,"University of Wuerzburg,Germany",,,,,,
Bernard,,Rosner,Harvard Medical School,,,,,,
Judith,,Ross,Thomas Jefferson University,,,,,,
Russell,,Ross,No Affiliation,,,,,,
Peter,M,Rothwell,"University of Oxford,UK",,,,,,
Janet,,Rowley,University of Chicago,,,,,,
Lewis,J,Rubin,"University of California,San Diego,USA",,,,,,
Mark,A,Rubin,"Cornell University,USA",,,,,,
Paul,J,Rutgeerts,"KU Leuven,Belgium",,,,,,
Terence,,Ryan,Oxford Wound Healing Institute,,,,,,
Giuseppe,,Saglio,"University of Turin,Italy",,,,,,
A.,,Sandberg,St. Joseph's Hospital,,,,,,
William,J,Sandborn,"University of California,San Diego,USA",,,,,,
Jean,,Sanders,Fred Hutchinson Cancer Research Center,,,,,,
George,,Santos,No Affiliation,,,,,,
Daniel,J,Sargent,"Mayo Medical School,USA",,,,,,
Naveed,,Sattar,"The University of Glasgow,UK",,,,,,
Charles,L,Sawyers,"Mem Sloan Kettering Canc Ctr,USA",,,,,,
Bernd,,Scheithauer,Mayo Clinic College of Medicine,,,,,,
Howard,I,Scher,"Mem Sloan Kettering Canc Ctr,USA;Cornell University,USA",,,,,,
Jeffrey,,Schlom,"National Cancer Institute,NIH",,,,,,
Stuart,,Schlossman,Dana-Farber Cancer Institute,,,,,,
Albert,,Schoemig,"Deutsch Herzzentrum Munich,Germany;Technical University Munich,Germany",,,,,,
Robert,,Schooley,University of Colorado Health Sciences Center,,,,,,
Stefan,,Schreiber,"University of Kiel,Germany",,,,,,
Stephen,,Schwartz,Fred Hutchinson Cancer Research Center,,,,,,
William,R,Sellers,"Novartis Inst BioMed Res,USA",,,,,,
Andrew,,Selwyn,Brigham and Women's Hospital,,,,,,
Patrick,W J C,Serruys,"Erasmus University,Netherlands",,,,,,
Jeffrey,,Settleman,"Genentech Inc,USA",,,,,,
Byers,,Shaw,University of Nebraska Medical Center,,,,,,
Jonathan,E,Shaw,"Baker IDI Heart & Diabet Inst,Australia;Monash University,Australia",,,,,,
Leslee,J,Shaw,"Emory University,USA",,,,,,
Jerry,,Shay,"University of Texas Southwestern Medical Center at Dallas/Center of Excellence in Genomic Medicine Research King Adbdulaziz University Jeddah,Saudi Arabia",,,,,,
Paul,G,Shekelle,"RAND Hlth,USA;W Los Angeles VA Med Ctr,USA",,,,,,
David,,Sidransky,Johns Hopkins University School of Medicine,,,,,,
Salvatore,,Siena,"Osped Niguarda Ca Granda,Italy",,,,,,
Richard,,Simmons,University of Pittsburgh School of Medicine,,,,,,
Gerald,,Simonneau,"Ctr Chirurg Marie Lannelongue,France;Hop Bicetre,France; University of Paris Sud (Paris 11),France",,,,,,
Joel,,Singer,Canadian HIV Trials Network,,,,,,
David,S,Siscovick,"University of Washington,USA",,,,,,
Dennis,,Slamon,University of California Los Angeles,,,,,,
Peter,,Sleight,"John Radcliffe Hosp,UK",,,,,,
George,Davey,Smith,"University of Bristol,UK",,,,,,
Richard,,Smith,University of Warwick,,,,,,
Robert,A,Smith,"Amer Canc Soc,USA",,,,,,
Sidney,C,Smith,"University of North Carolina at Chapel Hill,USA",,,,,,
Josef,S,Smolen,"Hietzing Hosp,Austria;Medical University of Vienna,Austria",,,,,,
Burton,,Sobel,University of Vermont,,,,,,
Scott,D,Solomon,"Brigham & Womens Hosp,USA",,,,,,
Pieter,,Sonneveld,"Erasmus MC,Netherlands;Erasmus University,Netherlands",,,,,,
Jeffrey,A,Sosman,"Vanderbilt University,USA",,,,,,
Frank,,Speizer,Harvard Medical School,,,,,,
John,A,Spertus,"St Lukes Hosp,USA;University of Missouri - Kansas City,USA",,,,,,
Timothy,,Springer,CBR Institute for Biomedical Research,,,,,,
Jan,A,Staessen,"KU Leuven,Belgium",,,,,,
Jeremiah,,Stamler,Northwestern University,,,,,,
Meir,J,Stampfer,"Brigham & Womens Hosp,USA;Harvard University,USA;Harvard School of Public Health",,,,,,
Thomas,,Starzl,University of Pittsburgh Medical Center,,,,,,
Louis,M,Staudt,"NCI,USA",,,,,,
Allen,,Steere,Massachusetts General Hospital,,,,,,
Marcia,L,Stefanick,"Stanford University,USA",,,,,,
Philippe,Gabriel,Steg,"INSERM,France;Hop Bichat Claude Bernard,France; University of Paris Diderot (Paris 7),France; Royal Brompton Hosp,UK",,,,,,
Harald,,Stein,Freie Universitat Berlin,,,,,,
Seth,,Steinberg,"National Cancer Institute,NIH",,,,,,
Ralph,,Steinman,Rockefeller University,,,,,,
Lynne,Warner,Stevenson,"Brigham & Womens Hosp,USA",,,,,,
Patricia,,Stewart,"National Cancer Institute,NIH",,,,,,
Edward,,Stinson,Stanford University,,,,,,
Gregg,W,Stone,"Columbia University,USA;New York Presbyterian Hosp,USA",,,,,,
Richard,M,Stone,"Dana Farber Canc Inst,USA",,,,,,
Rainer,,Storb,Fred Hutchinson Cancer Research Center,,,,,,
Michael,R,Stratton,"Wellcome Trust Sanger Inst,UK",,,,,,
Harry,,Strauss,Stanford University School of Medicine,,,,,,
Keizo,,Sugimachi,Kyushu Central Hospital,,,,,,
Takashi,,Sugimura,National Cancer Center,,,,,,
Keith,,Sullivan,Duke University Medical Center,,,,,,
David,,Sutherland,University of Minnesota,,,,,,
Karl,B,Swedberg,"University of Gothenburg,Sweden;Imperial College London,UK",,,,,,
Abdul,,Tajik,Mayo Clinic Rochester,,,,,,
Fumimaro,,Takaku,Jichi Medical School,,,,,,
Martin,S,Tallman,"Mem Sloan Kettering Canc Ctr,USA",,,,,,
Moshe,,Talpaz,University of Texas M.D. Anderson Cancer Center,,,,,,
Luigi,,Tavazzi,"GVM Care&Research - E.S. Health Science Foundation,Italy",,,,,,
Ayalew,,Tefferi,"Mayo Medical School,USA",,,,,,
Michal,,Tendera,"Medical University of Silesia,Poland",,,,,,
Koon,K,Teo,"McMaster University,Canada",,,,,,
E.,,Thomas,Fred Hutchinson Cancer Research Center,,,,,,
Simon,G,Thompson,"MRC,UK",,,,,,
James,A,Thomson,"Morgridge Inst Res,USA;University of California,Santa Barbara,USA; University of Wisconsin - Madison,USA",,,,,,
Michael,J,Thun,"Amer Canc Soc,USA",,,,,,
Satoru,,Todo,Hokkaido University School of Medicine,,,,,,
Gianni,,Tognoni,"Consorzio Mario Negri Sud,Italy",,,,,,
Eric,J,Topol,"Scripps Clin,USA;Scripps Translat Sci Inst,USA",,,,,,
Christian,,Torp-pedersen,"Aalborg University,Denmark",,,,,,
Giorgio,,Trinchieri,Schering-Plough Laboratory of Immunological Research,,,,,,
Takashi,,Tsuruo,University of Tokyo,,,,,,
Jaakko,,Tuomilehto,"Danube University Krems,Austria;King Abdulaziz University,Saudi Arabia",,,,,,
E,Murat,Tuzcu,"Cleveland Clin,USA",,,,,,
Guido,,Tytgat,University of Amsterdam,,,,,,
Andre,G,Uitterlinden,"Erasmus MC,Netherlands;Netherlands Genom Initiat,Netherlands",,,,,,
Axel,,Ullrich,Max-Planck-Institut fur Biochemie,,,,,,
Timothy,M,Uyeki,"Ctr Dis Control & Prevent,USA",,,,,,
Alec,,Vahanian,"Hop Bichat Claude Bernard,France",,,,,,
Gert,,Van Assche,"KU Leuven,Belgium;University of Toronto,Canada",,,,,,
Eric,,Van Cutsem,"KU Leuven,Belgium",,,,,,
Marc,,Van De Vijver,"University of Amsterdam,Netherlands",,,,,,
Frans,,Van De Werf,"KU Leuven,Belgium",,,,,,
Desiree,M F M,Van Der Heijde,"Leiden University,Netherlands",,,,,,
David,,Van Thiel,Loyola University Medical Center,,,,,,
Paul,,Vanhoutte,"King Saud University,http://www.researcherid.com/rid/B-4533-2009",,,,,,
Laura,J,Van't Veer,"Netherlands Canc Inst,Netherlands;University of California,San Francisco,USA",,,,,,
Ramachandran,S,Vasan,"Boston University,USA;Framingham Heart Dis Epidemiol Study,USA",,,,,,
Victor,E,Velculescu,"Johns Hopkins Kimmel Canc Ctr,USA",,,,,,
Severine,,Vermeire,"KU Leuven,Belgium",,,,,,
Renu,,Virmani,"CVPath Inst,USA",,,,,,
Bert,,Vogelstein,"Johns Hopkins Kimmel Canc Ctr,USA;Johns Hopkins Oncology Center/HHMI",,,,,,
Paul,,Volberding,"University of California,San Francisco",,,,,,
Stefano,,Volinia,"The Ohio State University - Columbus,USA;University of Ferrara,Italy",,,,,,
Lars,C,Wallentin,"Uppsala Clin Res Ctr,Sweden",,,,,,
Patrick,,Walsh,Johns Hopkins Hospital,,,,,,
Thomas,J,Walsh,"Cornell University,USA",,,,,,
Thomas,Jue-fuu,Wang,"Vanderbilt University,USA",,,,,,
Elizabeth,M,Ward,"Amer Canc Soc,USA",,,,,,
Peter,,Ward,University of Michigan,,,,,,
John,,Ware,QualityMetric Incorporated,,,,,,
Nicholas,J,Wareham,"Med Res Council,UK",,,,,,
Roger,,Warnke,Stanford University,,,,,,
John,G,Webb,"St Pauls Hosp,Canada;University of British Columbia,Canada",,,,,,
Hans,,Wedel,"Nord Sch Publ Hlth,Sweden",,,,,,
Robert,,Weinberg,Massachusetts Institute of Technology,,,,,,
Myron,,Weisfeldt,Columbia University,,,,,,
Lawrence,,Weiss,City of Hope National Medical Center,,,,,,
Ralph,,Weissleder,"Harvard University,USA",,,,,,
Irving,L,Weissman,"Stanford University,USA",,,,,,
Myrna,,Weissman,Columbia University,,,,,,
Michael,,Weller,"University of Zurich,Switzerland",,,,,,
Harvey,D,White,"Auckland City Hosp,New Zealand",,,,,,
Ronald,,Wilder,"National Institute of Arthritis and Musculoskeletal and Skin Diseases,NIH",,,,,,
Lars,,Wilhelmsen,University of Gothenburg,,,,,,
James,,Willerson,University of Texas Health Science Center at Houston,,,,,,
Walter,C,Willett,"Brigham & Womens Hosp,USA;Harvard University,USA;Harvard School of Public Health",,,,,,
Roger,,Williams,University College London,,,,,,
Charles,,Wilson,"University of California,San Francisco",,,,,,
Peter,W F,Wilson,"Emory University,USA;Atlanta Vet Affairs Med Ctr,USA;Medical University of South Carolina",,,,,,
Richard,K,Wilson,"Washington University in St. Louis,USA",,,,,,
Stephan,,Windecker,"Bern Univ Hosp,Switzerland;University of Bern,Switzerland",,,,,,
Eric,P,Winer,"Dana Farber Canc Inst,USA",,,,,,
Robert,,Witherspoon,Fred Hutchinson Cancer Research Center,,,,,,
Jacqueline,C M,Witteman,"Erasmus MC,Netherlands",,,,,,
Joseph,,Witztum,"University of California,San Diego",,,,,,
Stephen,D,Wiviott,"Brigham & Womens Hosp,USA",,,,,,
Philip,,Wolf,Boston University School of Medicine,,,,,,
Norman,,Wolmark,"Allegheny Gen Hosp,USA;Natl Surg Adjuvant Breast & Bowel Project NSABP,USA",,,,,,
Mark,,Woodward,"The George Institute for Global Health,Australia;University of Sydney,Australia; University of Oxford,UK; Johns Hopkins University,USA",,,,,,
Clyde,W,Yancy,"Northwestern University,USA",,,,,,
James,C,Yang,"NCI,USA",,,,,,
Robert,,Young,Fox Chase Cancer Center,,,,,,
Salim,,Yusuf,"Hamilton Hlth Sci,Canada;McMaster University,Canada",,,,,,
Andreas,M,Zeiher,"University of Frankfurt,Germany",,,,,,
Stefan,,Zeuzem,"University of Frankfurt,Germany",,,,,,
Paul,Z,Zimmet,"Baker IDI Heart & Diabet Inst,Australia;Monash University,Australia",,,,,,
Bernard,,Zinman,"University of Toronto,Canada",,,,,,
Alan,,Zinsmeister,Mayo Clinic,,,,,,
